{
  "version": "1.0.0",
  "models": [
    {
      "id": "sdxl-turbo",
      "name": "Stable Diffusion XL Turbo",
      "nameAr": "استقرار الانتشار XL تيربو",
      "category": "image_gen",
      "description": "توليد صور عالية الجودة في 4 خطوات فقط",
      "version": "1.0",
      "size": 6900000000,
      "sizeHuman": "6.9 GB",
      "requiresGPU": false,
      "minVRAM": 6000,
      "downloadUrl": "https://huggingface.co/stabilityai/sdxl-turbo/",
      "license": "Stability AI Non-Commercial",
      "capabilities": [
        "text-to-image",
        "fast-inference"
      ]
    },
    {
      "id": "realesrgan-x4plus",
      "name": "Real-ESRGAN x4plus",
      "nameAr": "ريل إسرجان x4",
      "category": "upscale",
      "description": "تكبير الصور 4 أضعاف مع جودة خارقة",
      "version": "0.2.5",
      "size": 67000000,
      "sizeHuman": "67 MB",
      "requiresGPU": false,
      "minVRAM": 2000,
      "downloadUrl": "https://github.com/xinntao/Real-ESRGAN/",
      "license": "BSD-3-Clause",
      "capabilities": [
        "4x-upscale",
        "fast"
      ]
    },
    {
      "id": "rmbg-2.0",
      "name": "RMBG-2.0",
      "nameAr": "RMBG 2.0 - إزالة الخلفية",
      "category": "segmentation",
      "description": "أفضل نموذج مجاني لإزالة خلفيات الصور",
      "version": "2.0",
      "size": 176000000,
      "sizeHuman": "176 MB",
      "requiresGPU": false,
      "minVRAM": 2000,
      "downloadUrl": "https://huggingface.co/briaai/RMBG-2.0/",
      "license": "CC-BY-NC 4.0",
      "capabilities": [
        "background-removal",
        "alpha-matting"
      ]
    },
    {
      "id": "codeformer",
      "name": "CodeFormer",
      "nameAr": "كودفورمر - ترميم الوجوه",
      "category": "enhance",
      "description": "إصلاح الوجوه الضبابية أو منخفضة الجودة",
      "version": "0.1.0",
      "size": 348000000,
      "sizeHuman": "348 MB",
      "requiresGPU": false,
      "minVRAM": 2000,
      "downloadUrl": "https://github.com/sczhou/CodeFormer/",
      "license": "NTU S-Lab",
      "capabilities": [
        "face-restoration",
        "old-photo-restoration"
      ]
    }
  ]
}