{
  "presets": [
    {
      "id": "youtube_4k",
      "name": "YouTube 4K",
      "nameAr": "يوتيوب 4K",
      "format": "MP4",
      "codec": "H.264",
      "resolution": "3840x2160",
      "frame_rate": 60,
      "bitrate": "100M"
    },
    {
      "id": "youtube_1080p",
      "name": "YouTube 1080p",
      "nameAr": "يوتيوب 1080p",
      "format": "MP4",
      "codec": "H.264",
      "resolution": "1920x1080",
      "frame_rate": 60,
      "bitrate": "16M"
    },
    {
      "id": "instagram_story",
      "name": "Instagram Story",
      "nameAr": "إنستجرام ستوري",
      "format": "MP4",
      "codec": "H.264",
      "resolution": "1080x1920",
      "frame_rate": 30,
      "bitrate": "4M"
    },
    {
      "id": "tiktok",
      "name": "TikTok",
      "nameAr": "تيك توك",
      "format": "MP4",
      "codec": "H.264",
      "resolution": "1080x1920",
      "frame_rate": 30,
      "bitrate": "8M"
    }
  ]
}